insert into product_categories (category_id, category_name) values (1, 'RolBoardGame');
insert into product_categories (category_id, category_name) values (2, 'MiniaturesAndAccesories');
insert into product_categories (category_id, category_name) values (3, 'TCG');

insert into product_categories (product_status_id, status_name) values (1, 'General');
insert into product_categories (product_status_id, status_name) values (2, 'Novedad');
insert into product_categories (product_status_id, status_name) values (3, 'Oferta');

insert into user_types (user_type_id, user_type) values (1, 'consumidor');
insert into user_types (user_type_id, user_type) values (2, 'administrador');

insert into users (user_id, first_name, last_name, user_alias, email, passwordL, avatar, user_type_id) values (1, 'Hayes', 'Flieger', 'hflieger0', 'hflieger0@desdev.cn', 'AKheSdZ1g', x, 1);
insert into users (user_id, first_name, last_name, user_alias, email, passwordL, avatar, user_type_id) values (2, 'Laughton', 'Rivitt', 'lrivitt1', 'lrivitt1@redcross.org', 'PxIzwjZK8', x , 2);
insert into users (user_id, first_name, last_name, user_alias, email, passwordL, avatar, user_type_id) values (3, 'Dori', 'Walsham', 'dwalsham2', 'dwalsham2@nasa.gov', 'UEmNb1d', x, 1);
insert into users (user_id, first_name, last_name, user_alias, email, passwordL, avatar, user_type_id) values (4, 'Robbert', 'Spilstead', 'rspilstead3', 'rspilstead3@mtv.com', '74x0BT', x, 2);
insert into users (user_id, first_name, last_name, user_alias, email, passwordL, avatar, user_type_id) values (5, 'Binni', 'Gerber', 'bgerber4', 'bgerber4@usatoday.com', 'roUb9g1', x, 2);
insert into users (user_id, first_name, last_name, user_alias, email, passwordL, avatar, user_type_id) values (6, 'Georgine', 'Clymo', 'gclymo5', 'gclymo5@illinois.edu', 'wGwn1MkECKZ', x, 1);
insert into users (user_id, first_name, last_name, user_alias, email, passwordL, avatar, user_type_id) values (7, 'Frederick', 'Penna', 'fpenna6', 'fpenna6@rediff.com', 'CRiO7e5Vk1M', x, 2);
insert into users (user_id, first_name, last_name, user_alias, email, passwordL, avatar, user_type_id) values (8, 'Bab', 'Blenkinship', 'bblenkinship7', 'bblenkinship7@miibeian.gov.cn', 'k3Sn58KE', x, 2);
insert into users (user_id, first_name, last_name, user_alias, email, passwordL, avatar, user_type_id) values (9, 'Merrel', 'Charlon', 'mcharlon8', 'mcharlon8@adobe.com', 'M28B4mvBJ', x, 1);
insert into users (user_id, first_name, last_name, user_alias, email, passwordL, avatar, user_type_id) values (10, 'Nissy', 'Postlewhite', 'npostlewhite9', 'npostlewhite9@flickr.com', 'QHerWP4z8li', x, 2);
insert into users (user_id, first_name, last_name, user_alias, email, passwordL, avatar, user_type_id) values (11, 'Imelda', 'Adamides', 'iadamidesa', 'iadamidesa@deliciousdays.com', 'UAk9pd8dqKTZ', x, 2);
insert into users (user_id, first_name, last_name, user_alias, email, passwordL, avatar, user_type_id) values (12, 'Foster', 'Peret', 'fperetb', 'fperetb@exblog.jp', 'o3z0Rx580OG', x, 1);
insert into users (user_id, first_name, last_name, user_alias, email, passwordL, avatar, user_type_id) values (13, 'Reinaldo', 'Birchett', 'rbirchettc', 'rbirchettc@icio.us', 'I77NW5M0V7', x, 1);
insert into users (user_id, first_name, last_name, user_alias, email, passwordL, avatar, user_type_id) values (14, 'Rea', 'Ketteman', 'rkettemand', 'rkettemand@xinhuanet.com', 'mSkhOeuMgk4', x, 1);
insert into users (user_id, first_name, last_name, user_alias, email, passwordL, avatar, user_type_id) values (15, 'Alister', 'Pitceathly', 'apitceathlye', 'apitceathlye@cyberchimps.com', 'CrRih6nT3I', x, 1);
insert into users (user_id, first_name, last_name, user_alias, email, passwordL, avatar, user_type_id) values (16, 'Sharyl', 'Minto', 'smintof', 'smintof@fastcompany.com', 'oc9asy2cU', x, 2);
insert into users (user_id, first_name, last_name, user_alias, email, passwordL, avatar, user_type_id) values (17, 'Cash', 'Filyushkin', 'cfilyushking', 'cfilyushking@msn.com', 'gRS3hfP', x, 1);
insert into users (user_id, first_name, last_name, user_alias, email, passwordL, avatar, user_type_id) values (18, 'Nollie', 'Hinks', 'nhinksh', 'nhinksh@goodreads.com', '1vEKXbL9jsFe', x, 2);
insert into users (user_id, first_name, last_name, user_alias, email, passwordL, avatar, user_type_id) values (19, 'Eileen', 'McKniely', 'emcknielyi', 'emcknielyi@sun.com', 'azs17Mth', x, 1);
insert into users (user_id, first_name, last_name, user_alias, email, passwordL, avatar, user_type_id) values (20, 'Livvyy', 'Ibbetson', 'libbetsonj', 'libbetsonj@mapquest.com', 'c220Ef', x, 2);

insert into products (product_id, title, price, imagen, category_id, product_status_id) values (1, 'Mat Lam Tam', '$3988.02', 'http://dummyimage.com/236x100.png/cc0000/ffffff',3, 1);
insert into products (product_id, title, price, imagen, category_id, product_status_id) values (2, 'Overhold', '$11494.80', 'http://dummyimage.com/236x100.png/cc0000/ffffff', 3, 2);
insert into products (product_id, title, price, imagen, category_id, product_status_id) values (3, 'Solarbreeze', '$7713.93', 'http://dummyimage.com/220x100.png/cc0000/ffffff', 1, 1);
insert into products (product_id, title, price, imagen, category_id, product_status_id) values (4, 'Bigtax', '$19222.79', 'http://dummyimage.com/220x100.png/5fa2dd/ffffff', 2, 1);
insert into products (product_id, title, price, imagen, category_id, product_status_id) values (5, 'Matsoft', '$1399.54', 'http://dummyimage.com/110x100.png/cc0000/ffffff', 2, 1);
insert into products (product_id, title, price, imagen, category_id, product_status_id) values (6, 'Sonsing', '$12112.03', 'http://dummyimage.com/149x100.png/dddddd/000000', 3, 3);
insert into products (product_id, title, price, imagen, category_id, product_status_id) values (7, 'Fix San', '$2102.40', 'http://dummyimage.com/112x100.png/ff4444/ffffff', 1, 1);
insert into products (product_id, title, price, imagen, category_id, product_status_id) values (8, 'Lotlux', '$500.76', 'http://dummyimage.com/162x100.png/ff4444/ffffff', 2, 1);
insert into products (product_id, title, price, imagen, category_id, product_status_id) values (9, 'Greenlam', '$8188.42', 'http://dummyimage.com/138x100.png/cc0000/ffffff',  2, 1);
insert into products (product_id, title, price, imagen, category_id, product_status_id) values (10, 'Sonsing', '$13708.13', 'http://dummyimage.com/108x100.png/cc0000/ffffff', 2, 1);
insert into products (product_id, title, price, imagen, category_id, product_status_id) values (11, 'Cookley', '$12488.09', 'http://dummyimage.com/146x100.png/5fa2dd/ffffff', 1, 2);
insert into products (product_id, title, price, imagen, category_id, product_status_id) values (12, 'Hatity', '$18699.73', 'http://dummyimage.com/121x100.png/cc0000/ffffff', 1, 1);
insert into products (product_id, title, price, imagen, category_id, product_status_id) values (13, 'Stim', '$18757.44', 'http://dummyimage.com/207x100.png/cc0000/ffffff', 1, 1);
insert into products (product_id, title, price, imagen, category_id, product_status_id) values (14, 'Quo Lux', '$17678.77', 'http://dummyimage.com/194x100.png/cc0000/ffffff', 2, 1);
insert into products (product_id, title, price, imagen, category_id, product_status_id) values (15, 'Treeflex', '$9945.70', 'http://dummyimage.com/112x100.png/5fa2dd/ffffff', 3, 1);
insert into products (product_id, title, price, imagen, category_id, product_status_id) values (16, 'Cookley', '$16481.63', 'http://dummyimage.com/119x100.png/cc0000/ffffff', 2, 2);
insert into products (product_id, title, price, imagen, category_id, product_status_id) values (17, 'Bamity', '$11491.58', 'http://dummyimage.com/110x100.png/5fa2dd/ffffff',  3, 1);
insert into products (product_id, title, price, imagen, category_id, product_status_id) values (18, 'Matsoft', '$10864.32', 'http://dummyimage.com/137x100.png/dddddd/000000', 2, 1);
insert into products (product_id, title, price, imagen, category_id, product_status_id) values (19, 'Veribet', '$16021.79', 'http://dummyimage.com/110x100.png/5fa2dd/ffffff', 3, 1);
insert into products (product_id, title, price, imagen, category_id, product_status_id) values (20, 'Redhold', '$2478.70', 'http://dummyimage.com/164x100.png/ff4444/ffffff', 2, 2);
insert into products (product_id, title, price, imagen, category_id, product_status_id) values (21, 'Y-find', '$18996.33', 'http://dummyimage.com/234x100.png/dddddd/000000', 3, 1);
insert into products (product_id, title, price, imagen, category_id, product_status_id) values (22, 'Treeflex', '$14938.49', 'http://dummyimage.com/173x100.png/ff4444/ffffff',  2, 2);
insert into products (product_id, title, price, imagen, category_id, product_status_id) values (23, 'Voyatouch', '$19587.53', 'http://dummyimage.com/196x100.png/ff4444/ffffff', 2, 1);
insert into products (product_id, title, price, imagen, category_id, product_status_id) values (24, 'Gembucket', '$13829.23', 'http://dummyimage.com/242x100.png/5fa2dd/ffffff', 1, 1);
insert into products (product_id, title, price, imagen, category_id, product_status_id) values (25, 'Temp', '$4915.22', 'http://dummyimage.com/104x100.png/dddddd/000000',  3, 1);